id;apellido;fechaHora
CITA-001;García;2025-03-03T09:15
CITA-002;Rodríguez;2025-03-15T14:30
CITA-003;Martínez;2025-03-05T10:45
CITA-004;Hernández;2025-03-20T08:20
CITA-005;López;2025-03-12T16:10
CITA-006;González;2025-03-28T11:55
CITA-007;Pérez;2025-03-01T09:00
CITA-008;Sánchez;2025-03-18T13:40
CITA-009;Ramírez;2025-03-22T15:25
CITA-010;Torres;2025-03-07T08:50
CITA-011;Flores;2025-03-29T17:15
CITA-012;Rivera;2025-03-11T10:05
CITA-013;Gómez;2025-03-25T12:30
CITA-014;Díaz;2025-03-04T14:00
CITA-015;Cruz;2025-03-19T09:45
CITA-016;Reyes;2025-03-31T16:50
CITA-017;Morales;2025-03-06T11:20
CITA-018;Ortiz;2025-03-21T08:10
CITA-019;Gutiérrez;2025-03-14T15:00
CITA-020;Castro;2025-03-27T13:15
CITA-021;Vargas;2025-03-08T10:30
CITA-022;Ramos;2025-03-24T17:45
CITA-023;Ruiz;2025-03-10T09:25
CITA-024;Jiménez;2025-03-26T12:00
CITA-025;Mendoza;2025-03-02T14:40
CITA-026;Guerrero;2025-03-17T08:35
CITA-027;Naranjo;2025-03-13T16:20
CITA-028;Cedeño;2025-03-30T11:10
CITA-029;Alvarado;2025-03-05T15:50
CITA-030;Castillo;2025-03-23T09:55
CITA-031;García;2025-03-09T13:05
CITA-032;Rodríguez;2025-03-16T10:15
CITA-033;Martínez;2025-03-28T14:55
CITA-034;Hernández;2025-03-03T17:30
CITA-035;López;2025-03-19T08:45
CITA-036;González;2025-03-12T11:40
CITA-037;Pérez;2025-03-25T16:00
CITA-038;Sánchez;2025-03-07T09:10
CITA-039;Ramírez;2025-03-21T12:25
CITA-040;Torres;2025-03-15T15:15
CITA-041;Flores;2025-03-31T08:05
CITA-042;Rivera;2025-03-06T14:20
CITA-043;Gómez;2025-03-24T10:50
CITA-044;Díaz;2025-03-11T17:40
CITA-045;Cruz;2025-03-29T09:35
CITA-046;Reyes;2025-03-01T13:25
CITA-047;Morales;2025-03-18T11:30
CITA-048;Ortiz;2025-03-26T15:45
CITA-049;Gutiérrez;2025-03-04T08:55
CITA-050;Castro;2025-03-20T12:10
CITA-051;Vargas;2025-03-14T16:40
CITA-052;Ramos;2025-03-27T10:00
CITA-053;Ruiz;2025-03-08T14:10
CITA-054;Jiménez;2025-03-22T09:20
CITA-055;Mendoza;2025-03-10T17:05
CITA-056;Guerrero;2025-03-30T11:00
CITA-057;Naranjo;2025-03-05T13:50
CITA-058;Cedeño;2025-03-25T15:35
CITA-059;Alvarado;2025-03-17T08:40
CITA-060;Castillo;2025-03-13T12:45
CITA-061;García;2025-03-29T16:30
CITA-062;Rodríguez;2025-03-02T10:40
CITA-063;Martínez;2025-03-23T14:25
CITA-064;Hernández;2025-03-09T09:05
CITA-065;López;2025-03-16T11:50
CITA-066;González;2025-03-28T17:20
CITA-067;Pérez;2025-03-06T08:15
CITA-068;Sánchez;2025-03-19T13:00
CITA-069;Ramírez;2025-03-26T15:10
CITA-070;Torres;2025-03-12T10:20
CITA-071;Flores;2025-03-31T16:05
CITA-072;Rivera;2025-03-04T12:55
CITA-073;Gómez;2025-03-21T14:45
CITA-074;Díaz;2025-03-15T09:40
CITA-075;Cruz;2025-03-24T17:50
CITA-076;Reyes;2025-03-07T11:15
CITA-077;Morales;2025-03-30T08:30
CITA-078;Ortiz;2025-03-18T15:55
CITA-079;Gutiérrez;2025-03-27T13:35
CITA-080;Castro;2025-03-03T10:55
CITA-081;Vargas;2025-03-20T16:25
CITA-082;Ramos;2025-03-11T09:50
CITA-083;Ruiz;2025-03-25T12:05
CITA-084;Jiménez;2025-03-08T17:00
CITA-085;Mendoza;2025-03-22T14:15
CITA-086;Guerrero;2025-03-14T08:25
CITA-087;Naranjo;2025-03-29T11:45
CITA-088;Cedeño;2025-03-01T15:40
CITA-089;Alvarado;2025-03-19T10:10
CITA-090;Castillo;2025-03-05T13:20
CITA-091;García;2025-03-26T17:35
CITA-092;Rodríguez;2025-03-10T09:30
CITA-093;Martínez;2025-03-31T14:50
CITA-094;Hernández;2025-03-17T11:05
CITA-095;López;2025-03-02T16:55
CITA-096;González;2025-03-24T08:50
CITA-097;Pérez;2025-03-13T12:15
CITA-098;Sánchez;2025-03-21T15:20
CITA-099;Ramírez;2025-03-06T10:35
CITA-100;Torres;2025-03-28T17:10